ts,perception,trial,offset,err_x_cm,err_y_cm,err_radial_cm,success,wall_s
1790594478,yolo,0,"5,0",100.00,204.33,227.49,False,151
1790598556,yolo,0,"5,0",100.00,187.28,212.30,False,125
1790599517,yolo,0,"5,0",100.00,-438.99,450.23,False,124
1790600068,yolo,0,"5,0",100.00,217.01,238.95,True,81
1790600702,yolo,0,"5,0",100.00,-355.98,369.76,True,76
1790602400,yolo,0,"5,0",100.00,-385.24,398.00,False,80
1790603754,yolo,0,"5,0",96.21,-2.47,96.24,False,98
1790605358,yolo,0,"5,0",37.72,10.74,39.22,False,393
1790606148,yolo,0,"5,0",-26.03,-27.57,37.91,False,400
1790606328,aruco,1,"5,0",100.00,221.50,243.03,False,158
1790606515,aruco,2,"5,0",100.00,204.46,227.61,False,181
1790606702,aruco,3,"5,0",100.00,420.75,432.47,False,181
1790606889,aruco,4,"5,0",100.00,517.83,527.39,False,181
1790608309,yolo,0,"5,0",-14.19,27.66,31.09,True,135
1790608461,aruco,1,"5,0",3.11,-0.37,3.13,True,100
1790608618,aruco,2,"5,0",-2.90,-2.10,3.58,True,128
1790608858,aruco,3,"5,0",9.24,-2.48,9.56,True,212
1790609037,aruco,4,"5,0",0.82,-2.22,2.37,True,152
1790609217,aruco,5,"5,0",15.16,-3.81,15.64,True,150
1790609415,yolo,1,"5,0",62.90,-19.05,65.72,False,169
1790609654,yolo,2,"5,0",-5.67,13.58,14.72,True,210
1790609927,yolo,3,"5,0",2.86,10.34,10.73,True,243
1790610111,yolo,4,"5,0",2.87,-5.64,6.33,True,155
1790610285,yolo,5,"5,0",13.84,-5.04,14.73,True,144
1790668423,yolo,0,"5,0",134.84,-48.13,143.17,False,354
1790669653,yolo,0,"5,0",190.18,-28.74,192.34,False,353
1790673418,yolo,0,"5,0",0.01,-18.30,18.30,True,141
1790675771,aruco,6,"5,0",-5.96,4.31,7.36,True,123
1790675894,aruco,7,"5,0",5.51,2.16,5.92,True,90
1790676284,aruco,8,"5,0",124.25,37.10,129.67,False,360
1790676396,aruco,9,"5,0",-10.35,2.11,10.56,True,85
1790676579,aruco,10,"5,0",14.60,6.96,16.18,True,155
1790676727,yolo,6,"5,0",-6.34,-1.72,6.56,True,115
1790676894,yolo,7,"5,0",-44.01,14.63,46.38,True,139
1790677030,yolo,8,"5,0",14.21,7.36,16.00,True,105
1790677224,yolo,9,"5,0",34.77,-3.46,34.94,True,163
1790677412,yolo,10,"5,0",145.95,17.67,147.01,False,157
1790755469,yolo,11,"5,0",-16.56,-5.54,17.46,True,128
1790755661,yolo,12,"5,0",3.87,-13.42,13.96,True,164
1790755800,yolo,13,"5,0",9.63,0.60,9.64,True,109
1790757409,yolo,14,"5,0",-14.41,14.74,20.62,True,120
1790757576,yolo,15,"5,0",-4.51,-3.59,5.77,True,137
1790757989,yolo,16,"5,0",126.12,-73.25,145.85,False,382
